ip,start_ts,end_ts
139.162.212.162,2020-09-15T15:30:15,2020-09-15T15:32:55
84.68.9.147,2020-09-15T15:34:28,2020-09-15T15:38:32
46.30.12.4,2020-09-15T15:39:24,2020-09-15T15:41:34
46.30.12.41,2020-09-15T09:55:12,2020-09-15T09:57:11
132.145.49.223,2020-09-15T09:56:00,2020-09-15T09:56:37
3.9.196.54,2020-09-15T09:56:35,2020-09-15T09:58:03
75.76.203.37,2020-09-15T14:33:40,2020-09-15T14:35:08
18.224.225.62,2020-09-15T14:36:55,2020-09-15T15:38:12
64.125.52.186,2020-09-15T15:30:15,2020-09-15T15:32:55
50.19.223.52,2020-09-15T14:37:49,2020-09-15T14:38:19
23.88.107.66,2020-09-15T14:47:42,2020-09-15T14:56:31
52.26.116.49,2020-09-15T15:34:02,2020-09-15T15:38:57
24.110.9.242,2020-09-15T15:38:31,2020-09-15T15:39:48